#build start(33;33)
 , , , , , , , , , , , , , , , , , , , , , , , , , ,Cf,Cf,Cf,Cf,Cf,Cf,Cf,Cf,Cf,Cf,Cf,Cf,Cf, , , , , , , , , , , , , , , , , , , , , , , , , , 
 , , , , , , , , , , , , , , , , , , , , , ,Cf,Cf,Cf,Cf,Cf, , , , , , , , , , , ,Cf,Cf,Cf,Cf,Cf, , , , , , , , , , , , , , , , , , , , , , 
 , , , , , , , , , , , , , , , , , , ,Cf,Cf,Cf,Cf, , , , , , , , , , , , , , , , , , , ,Cf,Cf,Cf,Cf, , , , , , , , , , , , , , , , , , , 
 , , , , , , , , , , , , , , , , ,Cf,Cf,Cf, , , , , , , , , , , , , , , , , , , , , , , , , ,Cf,Cf,Cf, , , , , , , , , , , , , , , , , 
 , , , , , , , , , , , , , , ,Cf,Cf,Cf, , , , , , , , , , , , , , , , , , , , , , , , , , , , , ,Cf,Cf,Cf, , , , , , , , , , , , , , , 
 , , , , , , , , , , , , , ,Cf,Cf, , , , , , , , , , , , , , , , , , , , , , , , , , , , , , , , , ,Cf,Cf, , , , , , , , , , , , , , 
 , , , , , , , , , , , ,Cf,Cf,Cf, , , , , , , , , , , , , , , , , , , , , , , , , , , , , , , , , , , ,Cf,Cf,Cf, , , , , , , , , , , , 
 , , , , , , , , , , ,Cf,Cf, , , , , , , , , , , , , , , , , , , , , , , , , , , , , , , , , , , , , , , ,Cf,Cf, , , , , , , , , , , 
 , , , , , , , , , ,Cf,Cf, , , , , , , , , , , , , , , , , , , , , , , , , , , , , , , , , , , , , , , , , ,Cf,Cf, , , , , , , , , , 
 , , , , , , , , ,Cf,Cf, , , , , , , , , , , , , , , , , , , , , , , , , , , , , , , , , , , , , , , , , , , ,Cf,Cf, , , , , , , , , 
 , , , , , , , ,Cf,Cf, , , , , , , , , , , , , , , , , , , , , , , , , , , , , , , , , , , , , , , , , , , , , ,Cf,Cf, , , , , , , , 
 , , , , , , ,Cf,Cf, , , , , , , , , , , , , , , , , , , , , , , , , , , , , , , , , , , , , , , , , , , , , , , ,Cf,Cf, , , , , , , 
 , , , , , ,Cf,Cf, , , , , , , , , , , , , , , , , , , , , , , , , , , , , , , , , , , , , , , , , , , , , , , , , ,Cf,Cf, , , , , , 
 , , , , , ,Cf, , , , , , , , , , , , , , , , , , , , , , , , , , , , , , , , , , , , , , , , , , , , , , , , , , , ,Cf, , , , , , 
 , , , , ,Cf,Cf, , , , , , , , , , , , , , , , , , , , , , , , , , , , , , , , , , , , , , , , , , , , , , , , , , , ,Cf,Cf, , , , , 
 , , , ,Cf,Cf, , , , , , , , , , , , , , , , , , , , , , , , , , , , , , , , , , , , , , , , , , , , , , , , , , , , , ,Cf,Cf, , , , 
 , , , ,Cf, , , , , , , , , , , , , , , , , , , , , , , , , , , , , , , , , , , , , , , , , , , , , , , , , , , , , , , ,Cf, , , , 
 , , ,Cf,Cf, , , , , , , , , , , , , , , , , , , , , , , , , , , , , , , , , , , , , , , , , , , , , , , , , , , , , , , ,Cf,Cf, , , 
 , , ,Cf, , , , , , , , , , , , , , , , , , , , , , , , , , , , , , , , , , , , , , , , , , , , , , , , , , , , , , , , , ,Cf, , , 
 , ,Cf,Cf, , , , , , , , , , , , , , , , , , , , , , , , , , , , , , , , , , , , , , , , , , , , , , , , , , , , , , , , , ,Cf,Cf, , 
 , ,Cf, , , , , , , , , , , , , , , , , , , , , , , , , , , , , , , , , , , , , , , , , , , , , , , , , , , , , , , , , , , ,Cf, , 
 , ,Cf, , , , , , , , , , , , , , , , , , , , , , , , , , , , , , , , , , , , , , , , , , , , , , , , , , , , , , , , , , , ,Cf, , 
 ,Cf,Cf, , , , , , , , , , , , , , , , , , , , , , , , , , , , , , , , , , , , , , , , , , , , , , , , , , , , , , , , , , , ,Cf,Cf, 
 ,Cf, , , , , , , , , , , , , , , , , , , , , , , , , , , , , , , , , , , , , , , , , , , , , , , , , , , , , , , , , , , , , ,Cf, 
 ,Cf, , , , , , , , , , , , , , , , , , , , , , , , , , , , , , , , , , , , , , , , , , , , , , , , , , , , , , , , , , , , , ,Cf, 
 ,Cf, , , , , , , , , , , , , , , , , , , , , , , , , , , , , , , , , , , , , , , , , , , , , , , , , , , , , , , , , , , , , ,Cf, 
Cf,Cf, , , , , , , , , , , , , , , , , , , , , , , , , , , , , , , , , , , , , , , , , , , , , , , , , , , , , , , , , , , , , ,Cf,Cf
Cf, , , , , , , , , , , , , , , , , , , , , , , , , , , , , , , , , , , , , , , , , , , , , , , , , , , , , , , , , , , , , , , ,Cf
Cf, , , , , , , , , , , , , , , , , , , , , , , , , , , , , , , , , , , , , , , , , , , , , , , , , , , , , , , , , , , , , , , ,Cf
Cf, , , , , , , , , , , , , , , , , , , , , , , , , , , , , , , , , , , , , , , , , , , , , , , , , , , , , , , , , , , , , , , ,Cf
Cf, , , , , , , , , , , , , , , , , , , , , , , , , , , , , , , , , , , , , , , , , , , , , , , , , , , , , , , , , , , , , , , ,Cf
Cf, , , , , , , , , , , , , , , , , , , , , , , , , , , , , , , , , , , , , , , , , , , , , , , , , , , , , , , , , , , , , , , ,Cf
Cf, , , , , , , , , , , , , , , , , , , , , , , , , , , , , , , , , , , , , , , , , , , , , , , , , , , , , , , , , , , , , , , ,Cf
Cf, , , , , , , , , , , , , , , , , , , , , , , , , , , , , , , , , , , , , , , , , , , , , , , , , , , , , , , , , , , , , , , ,Cf
Cf, , , , , , , , , , , , , , , , , , , , , , , , , , , , , , , , , , , , , , , , , , , , , , , , , , , , , , , , , , , , , , , ,Cf
Cf, , , , , , , , , , , , , , , , , , , , , , , , , , , , , , , , , , , , , , , , , , , , , , , , , , , , , , , , , , , , , , , ,Cf
Cf, , , , , , , , , , , , , , , , , , , , , , , , , , , , , , , , , , , , , , , , , , , , , , , , , , , , , , , , , , , , , , , ,Cf
Cf, , , , , , , , , , , , , , , , , , , , , , , , , , , , , , , , , , , , , , , , , , , , , , , , , , , , , , , , , , , , , , , ,Cf
Cf,Cf, , , , , , , , , , , , , , , , , , , , , , , , , , , , , , , , , , , , , , , , , , , , , , , , , , , , , , , , , , , , , ,Cf,Cf
 ,Cf, , , , , , , , , , , , , , , , , , , , , , , , , , , , , , , , , , , , , , , , , , , , , , , , , , , , , , , , , , , , , ,Cf, 
 ,Cf, , , , , , , , , , , , , , , , , , , , , , , , , , , , , , , , , , , , , , , , , , , , , , , , , , , , , , , , , , , , , ,Cf, 
 ,Cf, , , , , , , , , , , , , , , , , , , , , , , , , , , , , , , , , , , , , , , , , , , , , , , , , , , , , , , , , , , , , ,Cf, 
 ,Cf,Cf, , , , , , , , , , , , , , , , , , , , , , , , , , , , , , , , , , , , , , , , , , , , , , , , , , , , , , , , , , , ,Cf,Cf, 
 , ,Cf, , , , , , , , , , , , , , , , , , , , , , , , , , , , , , , , , , , , , , , , , , , , , , , , , , , , , , , , , , , ,Cf, , 
 , ,Cf, , , , , , , , , , , , , , , , , , , , , , , , , , , , , , , , , , , , , , , , , , , , , , , , , , , , , , , , , , , ,Cf, , 
 , ,Cf,Cf, , , , , , , , , , , , , , , , , , , , , , , , , , , , , , , , , , , , , , , , , , , , , , , , , , , , , , , , , ,Cf,Cf, , 
 , , ,Cf, , , , , , , , , , , , , , , , , , , , , , , , , , , , , , , , , , , , , , , , , , , , , , , , , , , , , , , , , ,Cf, , , 
 , , ,Cf,Cf, , , , , , , , , , , , , , , , , , , , , , , , , , , , , , , , , , , , , , , , , , , , , , , , , , , , , , , ,Cf,Cf, , , 
 , , , ,Cf, , , , , , , , , , , , , , , , , , , , , , , , , , , , , , , , , , , , , , , , , , , , , , , , , , , , , , , ,Cf, , , , 
 , , , ,Cf,Cf, , , , , , , , , , , , , , , , , , , , , , , , , , , , , , , , , , , , , , , , , , , , , , , , , , , , , ,Cf,Cf, , , , 
 , , , , ,Cf,Cf, , , , , , , , , , , , , , , , , , , , , , , , , , , , , , , , , , , , , , , , , , , , , , , , , , , ,Cf,Cf, , , , , 
 , , , , , ,Cf, , , , , , , , , , , , , , , , , , , , , , , , , , , , , , , , , , , , , , , , , , , , , , , , , , , ,Cf, , , , , , 
 , , , , , ,Cf,Cf, , , , , , , , , , , , , , , , , , , , , , , , , , , , , , , , , , , , , , , , , , , , , , , , , ,Cf,Cf, , , , , , 
 , , , , , , ,Cf,Cf, , , , , , , , , , , , , , , , , , , , , , , , , , , , , , , , , , , , , , , , , , , , , , , ,Cf,Cf, , , , , , , 
 , , , , , , , ,Cf,Cf, , , , , , , , , , , , , , , , , , , , , , , , , , , , , , , , , , , , , , , , , , , , , ,Cf,Cf, , , , , , , , 
 , , , , , , , , ,Cf,Cf, , , , , , , , , , , , , , , , , , , , , , , , , , , , , , , , , , , , , , , , , , , ,Cf,Cf, , , , , , , , , 
 , , , , , , , , , ,Cf,Cf, , , , , , , , , , , , , , , , , , , , , , , , , , , , , , , , , , , , , , , , , ,Cf,Cf, , , , , , , , , , 
 , , , , , , , , , , ,Cf,Cf, , , , , , , , , , , , , , , , , , , , , , , , , , , , , , , , , , , , , , , ,Cf,Cf, , , , , , , , , , , 
 , , , , , , , , , , , ,Cf,Cf,Cf, , , , , , , , , , , , , , , , , , , , , , , , , , , , , , , , , , , ,Cf,Cf,Cf, , , , , , , , , , , , 
 , , , , , , , , , , , , , ,Cf,Cf, , , , , , , , , , , , , , , , , , , , , , , , , , , , , , , , , ,Cf,Cf, , , , , , , , , , , , , , 
 , , , , , , , , , , , , , , ,Cf,Cf,Cf, , , , , , , , , , , , , , , , , , , , , , , , , , , , , ,Cf,Cf,Cf, , , , , , , , , , , , , , , 
 , , , , , , , , , , , , , , , , ,Cf,Cf,Cf, , , , , , , , , , , , , , , , , , , , , , , , , ,Cf,Cf,Cf, , , , , , , , , , , , , , , , , 
 , , , , , , , , , , , , , , , , , , ,Cf,Cf,Cf,Cf, , , , , , , , , , , , , , , , , , , ,Cf,Cf,Cf,Cf, , , , , , , , , , , , , , , , , , , 
 , , , , , , , , , , , , , , , , , , , , , ,Cf,Cf,Cf,Cf,Cf, , , , , , , , , , , ,Cf,Cf,Cf,Cf,Cf, , , , , , , , , , , , , , , , , , , , , , 
 , , , , , , , , , , , , , , , , , , , , , , , , , ,Cf,Cf,Cf,Cf,Cf,Cf,Cf,Cf,Cf,Cf,Cf,Cf,Cf, , , , , , , , , , , , , , , , , , , , , , , , , , 
